Workbook

Sheet 최종선정명단
A2: 2023년 고용노동부 선정 청년친화강소기업 (1,000개 기업)
A3: 연번 | B3: 사업장명 | C3: 사업자등록번호 | D3: 소재지 | E3: 업종 (대분류) *제10차 표준산업분류 기준 | F3: 비고
A5: =ROW(A5)-4 -> 1 | B5: (주)넥스틴 | C5: 1268632036 | D5: 경기 화성시 동탄산단9길 23-12 (방교동) 7층 | E5: =VLOOKUP(C5,Sheet1!$B$1:$C$2072,2,0) -> 제조업
A6: =ROW(A6)-4 -> 2 | B6: (주)에스에스피 | C6: 1368118716 | D6: 인천광역시 연수구 갯벌로 53 (송도동) | E6: =VLOOKUP(C6,Sheet1!$B$1:$C$2072,2,0) -> 제조업
A7: =ROW(A7)-4 -> 3 | B7: (주)코미코 | C7: 1258614826 | D7: 경기도 안성시 모산로8 (신모산동) | E7: =VLOOKUP(C7,Sheet1!$B$1:$C$2072,2,0) -> 제조업
A8: =ROW(A8)-4 -> 4 | B8: 피에스케이주식회사 | C8: 1508801336 | D8: 경기 화성시 삼성1로4길 48 (석우동) | E8: =VLOOKUP(C8,Sheet1!$B$1:$C$2072,2,0) -> 제조업
A9: =ROW(A9)-4 -> 5 | B9: (주)피앤피시큐어 | C9: 1078644093 | D9: 서울시 강서구 마곡서로 182(마곡동 755-7) | E9: =VLOOKUP(C9,Sheet1!$B$1:$C$2072,2,0) -> 정보통신업
A10: =ROW(A10)-4 -> 6 | B10: (주)크래비스 | C10: 1248177065 | D10: 경기 용인시 기흥구 기곡로 29-4 (하갈동) 157-1 | E10: =VLOOKUP(C10,Sheet1!$B$1:$C$2072,2,0) -> 제조업
A11: =ROW(A11)-4 -> 7 | B11: (주)한라공업 | C11: 6228114884 | D11: 경남 김해시 김해대로2596번길 113 (지내동, (주)한라공업) | E11: =VLOOKUP(C11,Sheet1!$B$1:$C$2072,2,0) -> 제조업
A12: =ROW(A12)-4 -> 8 | B12: 파크시스템스주식회사 | C12: 2148615106 | D12: 경기 수원시 영통구 광교로 109 한국나노기술원 4층 | E12: =VLOOKUP(C12,Sheet1!$B$1:$C$2072,2,0) -> 제조업
A13: =ROW(A13)-4 -> 9 | B13: 케이피항공산업(주) | C13: 6228106875 | D13: 경상남도 김해시 진례면 테크노밸리로 12 케이피항공산업(주) | E13: =VLOOKUP(C13,Sheet1!$B$1:$C$2072,2,0) -> 제조업
A14: =ROW(A14)-4 -> 10 | B14: 주식회사디셈버앤컴퍼니자산운용 | C14: 1208801714 | D14: 서울특별시 강남구 테헤란로 231 19층 (센터필드 WEST동) | E14: =VLOOKUP(C14,Sheet1!$B$1:$C$2072,2,0) -> 정보통신업
A15: =ROW(A15)-4 -> 11 | B15: 신흥글로벌(주) | C15: 6098122794 | D15: 경상남도 창원시 성산구 성주로97번길 35 (신흥글로벌(주)) | E15: =VLOOKUP(C15,Sheet1!$B$1:$C$2072,2,0) -> 도매 및 소매업
A16: =ROW(A16)-4 -> 12 | B16: (주)대평 | C16: 4168177514 | D16: 전라남도 광양시 항만7로 54 (도이동) | E16: =VLOOKUP(C16,Sheet1!$B$1:$C$2072,2,0) -> 운수 및 창고업
... A1004: =ROW(A1004)-4 -> 1000 | B1004: (주)솔바텍 | C1004: 1078752154 | D1004: 서울특별시 송파구 법원로 127 (문정동, 문정대명벨리온) 1408호 | E1004: =VLOOKUP(C1004,Sheet1!$B$1:$C$2072,2,0) -> 정보통신업

Sheet Sheet1
B1: 사업자등록번호 | C1: 업종
B2: 2208789314 | C2: 도매 및 소매업
B3: 1308688617 | C3: 제조업
B4: 5048148432 | C4: 제조업
B5: 1098164182 | C5: 제조업
B6: 1348135081 | C6: 제조업
B7: 1298642872 | C7: 제조업
B8: 2148712881 | C8: 정보통신업
B9: 1308174573 | C9: 제조업
B10: 4288800297 | C10: 제조업
B11: 1248613367 | C11: 정보통신업
B12: 1288653736 | C12: 전문, 과학 및 기술 서비스업
B13: 5038135521 | C13: 건설업
... B2072: 1268144726 | C2072: 도매 및 소매업
